method,median,mean,std
Random Search,1.157497245837e-05,3.835628128363766e-05,9.013350151227055e-05
Guided Local Search,2.72352293138e-06,8.715273380423e-06,1.4599323373041286e-05
