method,median,mean,std
Random Search,5.44704586276e-06,1.1348012214090666e-05,1.7669757120193183e-05
Guided Local Search,2.042642198535e-06,1.4616239731738667e-05,4.828338036036406e-05
