method,median,mean,std
Random Search,173.773,174.3084,13.382715691620989
Guided Local Search,173.348,170.98906666666664,13.596649909224805
