method,median,mean,std
Random Search,181.277,177.2082666666667,12.44192980633419
Guided Local Search,173.348,170.17120000000003,16.51206344046888
